     "Activity",           "ID",     "Time[ms]",           "ax",           "ay",           "az"
        Walking,              2,  1546776619323,-3.78546774e-01,-3.47845078e-01, 1.57629204e+00
        Walking,              2,  1546776619425, 8.59951317e-01,-1.78030479e+00,-5.17910004e-01
        Walking,              2,  1546776619526,-1.13313127e+00,-3.83522558e+00,-4.57588196e-01
        Walking,              2,  1546776619627, 2.52667308e+00, 4.48975801e-01,-1.84216785e+00
        Walking,              2,  1546776619728, 5.67895412e-01,-1.32803679e-01,-3.94267988e+00
        Walking,              2,  1546776619830, 2.75607109e-01,-5.99038601e-02,-4.04114199e+00
        Walking,              2,  1546776619931,-9.03304100e-01, 1.46221638e+00,-1.97532654e-01
        Walking,              2,  1546776620033, 2.27397084e+00,-1.87815797e+00,-1.51435900e+00
        Walking,              2,  1546776620134, 1.74441493e+00,-1.62479806e+00,-5.09974289e+00
        Walking,              2,  1546776620234,-1.71219182e+00, 3.22973680e+00,-6.07902431e+00
        Walking,              2,  1546776620335,-1.58634424e-01, 4.47488070e-01,-1.30813551e+00
        Walking,              2,  1546776620437,-1.30247498e+00,-1.68113267e+00, 7.51581287e+00
        Walking,              2,  1546776620538, 2.29359722e+00,-3.38326979e+00, 1.41682625e-01
        Walking,              2,  1546776620639, 2.23343182e+00, 6.78792357e-01,-2.20956135e+00
        Walking,              2,  1546776620740, 1.59605432e+00, 5.95256925e-01,-5.90093803e+00
        Walking,              2,  1546776620841,-1.85065413e+00,-1.40895152e+00, 1.10344410e+00
        Walking,              2,  1546776620943,-5.50040483e+00,-4.13307381e+00, 1.59006262e+00
        Walking,              2,  1546776621043, 1.91510201e+00,-2.82861924e+00,-3.95907927e+00
        Walking,              2,  1546776621144, 2.42949295e+00,-1.02456951e+00,-2.33951259e+00
        Walking,              2,  1546776621245,-1.24438858e+00, 2.63591933e+00, 3.52875233e-01
        Walking,              2,  1546776621346,-6.43711090e-02,-1.75357997e+00,-2.43767619e+00
        Walking,              2,  1546776621447,-8.21199608e+00,-3.80824900e+00, 3.12802792e-02
        Walking,              2,  1546776621548, 3.68629122e+00,-8.91218185e-01,-2.20330882e+00
        Walking,              2,  1546776621649, 4.68749189e+00, 1.66034532e+00, 1.80392933e+00
        Walking,              2,  1546776621749, 4.03821421e+00, 2.79558301e+00, 1.78896475e+00
        Walking,              2,  1546776621851,-3.27242374e+00,-4.53465223e+00,-4.34094250e-01
        Walking,              2,  1546776621951,-1.39044428e+00,-5.47026777e+00, 4.98013079e-01
        Walking,              2,  1546776622052, 4.34587765e+00, 1.75795555e-02, 6.77454472e-03
        Walking,              2,  1546776622153, 1.67816401e+00, 4.60787392e+00,-1.16319537e+00
        Walking,              2,  1546776622254,-1.75016165e+00, 6.94058418e-01,-1.88886476e+00
        Walking,              2,  1546776622355,-2.03827667e+00,-1.11076307e+00,-3.02205420e+00
        Walking,              2,  1546776622456,-5.18434429e+00,-4.10103369e+00,-4.83093452e+00
        Walking,              2,  1546776622556, 2.53249192e+00, 8.96856785e-01,-2.03085327e+00
        Walking,              2,  1546776622657, 7.07841015e+00, 4.77421474e+00, 7.50757217e-01
        Walking,              2,  1546776622757, 6.87449789e+00, 4.80632210e+00, 1.10732865e+00
        Walking,              2,  1546776622858,-1.03404522e-01,-5.35886860e+00, 7.71317005e+00
        Walking,              2,  1546776622958,-7.07351685e-01,-4.97781563e+00, 7.75031853e+00
        Walking,              2,  1546776623059, 1.46711135e+00,-1.35105896e+00,-8.20373058e-01
        Walking,              2,  1546776623159, 5.00826931e+00, 5.06312180e+00, 5.48373938e-01
        Walking,              2,  1546776623260, 6.46523714e-01, 3.21159077e+00,-1.79592609e+00
        Walking,              2,  1546776623360,-9.67988586e+00,-3.02648354e+00, 3.16674423e+00
        Walking,              2,  1546776623460, 1.77707076e+00,-2.51672554e+00,-5.18875694e+00
        Walking,              2,  1546776623561, 8.37566137e-01, 3.11694193e+00,-5.12972832e-01
        Walking,              2,  1546776623661, 5.72084188e-01, 3.07828093e+00,-8.28168392e-02
        Walking,              2,  1546776623761, 2.69884586e-01, 6.75111675e+00, 1.70972931e+00
        Walking,              2,  1546776623861,-1.68922782e+00,-2.25149155e+00, 1.45686269e-01
        Walking,              2,  1546776623962,-5.00411701e+00,-4.84847164e+00,-2.75882244e+00
        Walking,              2,  1546776624062,-2.21493006e-01, 3.07895708e+00, 9.57837820e-01
        Walking,              2,  1546776624147, 1.59193301e+00, 5.29290342e+00,-3.20636034e+00
        Walking,              2,  1546776624247, 1.04579079e+00,-3.56072426e+00,-1.69003010e+00
        Walking,              2,  1546776624347, 3.44976163e+00, 8.83841515e-01,-5.75596857e+00
        Walking,              2,  1546776624447, 4.46963549e-01, 7.00130463e-02,-4.07579708e+00
        Walking,              2,  1546776624548, 6.91031337e-01, 2.43462420e+00, 4.88482714e-02
        Walking,              2,  1546776624648, 3.61969471e-01, 8.95556736e+00,-6.30402088e+00
        Walking,              2,  1546776624748,-8.53320360e-02, 8.80996323e+00,-5.49246645e+00
        Walking,              2,  1546776624847,-4.71955967e+00,-8.58709145e+00, 2.41184235e-01
        Walking,              2,  1546776624948, 3.35373783e+00,-7.44560528e+00, 1.57968271e+00
        Walking,              2,  1546776625048, 8.65915298e-01, 3.58509731e+00,-7.61495590e-01
        Walking,              2,  1546776625148, 3.36542773e+00, 7.81005955e+00, 6.84714913e-02
        Walking,              2,  1546776625249,-1.40223408e+00,-4.16016579e+00,-4.12741721e-01
        Walking,              2,  1546776625348,-1.06652164e+00,-4.52356815e+00,-1.40433955e+00
        Walking,              2,  1546776625448,-1.57169104e+00,-9.88808155e+00,-3.08841491e+00
        Walking,              2,  1546776625549, 1.79868245e+00, 1.65888596e+00, 6.51957452e-01
        Walking,              2,  1546776625648,-4.76041198e-01,-1.05932140e+00, 1.16025496e+00
        Walking,              2,  1546776625748,-5.82856846e+00,-1.66621780e+00, 2.76264906e+00
        Walking,              2,  1546776625848,-5.67996264e+00,-1.56541920e+00, 2.39588308e+00
        Walking,              2,  1546776625948,-4.01355839e+00,-6.68662453e+00, 7.53635347e-01
        Walking,              2,  1546776626048, 2.61634111e+00, 4.56849957e+00,-3.77691245e+00
        Walking,              2,  1546776626149, 3.84068990e+00, 9.99730492e+00,-5.02685404e+00
        Walking,              2,  1546776626248,-6.28416443e+00,-1.44652147e+01, 1.25115757e+01
        Walking,              2,  1546776626349,-5.59463453e+00,-1.48356142e+01, 1.18677559e+01
        Walking,              2,  1546776626449, 3.27867889e+00,-2.80250931e+00,-3.14085817e+00
        Walking,              2,  1546776626549, 2.14716220e+00, 3.80910921e+00, 4.71163869e-01
        Walking,              2,  1546776626649, 8.61507058e-01, 9.09927368e-01, 2.71681404e+00
        Walking,              2,  1546776626749,-4.42732334e+00,-3.34826374e+00, 6.78314388e-01
        Walking,              2,  1546776626849,-7.69371367e+00,-1.85309505e+00, 2.86615682e+00
        Walking,              2,  1546776626949, 8.21851826e+00,-7.68719864e+00, 9.76006150e-01
        Walking,              2,  1546776627048, 4.10323620e+00, 5.97096205e+00,-2.99671626e+00
        Walking,              2,  1546776627149, 4.19401741e+00, 5.62459040e+00,-4.00914192e+00
        Walking,              2,  1546776627249,-8.71772766e+00,-8.27153206e+00, 7.30896425e+00
        Walking,              2,  1546776627349, 6.73047352e+00, 2.82377005e+00,-1.38539963e+01
        Walking,              2,  1546776627449,-4.43545437e+00,-2.35061836e+00,-3.05582762e+00
        Walking,              2,  1546776627549,-9.78168666e-01, 3.47704124e+00, 5.45987189e-02
        Walking,              2,  1546776627648,-2.29422998e+00, 1.81159925e+00, 1.06030190e+00
        Walking,              2,  1546776627749,-5.04119778e+00,-3.25965023e+00,-1.08995235e+00
        Walking,              2,  1546776627849,-5.79366159e+00,-6.37380600e-01, 3.21606922e+00
        Walking,              2,  1546776627948, 4.37209368e+00,-6.89455605e+00, 2.02467537e+00
        Walking,              2,  1546776628048, 5.67906857e+00,-7.35764217e+00, 9.62831736e-01
        Walking,              2,  1546776628149, 5.04981041e+00, 9.02835083e+00,-4.17132998e+00
        Walking,              2,  1546776628249,-7.70709181e+00,-4.55753231e+00, 6.18224049e+00
        Walking,              2,  1546776628348, 4.25709248e+00, 1.46385098e+00,-1.05760717e+01
        Walking,              2,  1546776628449,-7.20848751e+00,-1.24693584e+00, 3.31578851e-01
        Walking,              2,  1546776628549,-8.30188656e+00,-1.06864262e+00, 2.14002228e+00
        Walking,              2,  1546776628648,-3.62476492e+00, 7.61355400e-01, 7.45288908e-01
        Walking,              2,  1546776628748,-6.33602524e+00,-4.59243298e+00, 1.40587151e+00
        Walking,              2,  1546776628849, 5.02291143e-01,-1.61375809e+00,-3.39193910e-01
        Walking,              2,  1546776628949, 1.64854932e+00,-2.49106407e-01,-2.19009066e+00
        Walking,              2,  1546776629049, 3.51347494e+00, 7.89667225e+00,-4.72538328e+00
        Walking,              2,  1546776629148, 1.62002337e+00, 4.33076382e+00,-1.26242149e+00
        Walking,              2,  1546776629249,-3.92873478e+00, 5.92214870e+00,-2.06325436e+00
        Walking,              2,  1546776629349,-3.15121460e+00, 5.74185562e+00,-1.92179859e+00
        Walking,              2,  1546776629449,-1.83814251e+00, 1.45139313e+00, 6.14626646e-01
        Walking,              2,  1546776629549, 2.89252281e-01, 2.77477312e+00,-7.44691133e-01
        Walking,              2,  1546776629649,-4.71816635e+00,-9.72486496e-01, 2.13669395e+00
        Walking,              2,  1546776629749,-6.59308052e+00,-4.87465286e+00, 3.60780430e+00
        Walking,              2,  1546776629849, 5.80400133e+00,-8.89682293e+00,-1.59934640e+00
        Walking,              2,  1546776629950,-1.52943921e+00, 2.26037407e+00,-3.21414161e+00
        Walking,              2,  1546776630049, 4.42261076e+00, 1.02713890e+01,-5.53676796e+00
        Walking,              2,  1546776630149, 4.11603165e+00, 1.02783594e+01,-5.76865578e+00
        Walking,              2,  1546776630250, 6.47450304e+00,-2.19946289e+00, 1.67133164e+00
        Walking,              2,  1546776630349, 6.35805893e+00,-2.15336704e+00, 1.70419335e+00
        Walking,              2,  1546776630450, 4.65485334e+00, 4.49439526e+00, 1.10514402e-01
        Walking,              2,  1546776630550, 1.28139091e+00, 2.40499878e+00, 1.14108562e+00
        Walking,              2,  1546776630650,-4.62483692e+00, 2.76537895e-01, 4.99421310e+00
        Walking,              2,  1546776630750,-6.58381653e+00,-5.29847336e+00, 1.47734427e+00
        Walking,              2,  1546776630850, 9.03851318e+00,-1.39730721e+01,-2.50353074e+00
        Walking,              2,  1546776630950, 3.44735408e+00, 3.03758049e+00,-2.73445773e+00
        Walking,              2,  1546776631050, 5.39204645e+00, 1.03861561e+01,-5.27889681e+00
        Walking,              2,  1546776631150,-7.15880108e+00,-1.11601648e+01, 1.04085083e+01
        Walking,              2,  1546776631250, 8.90639591e+00,-1.80090065e+01, 6.09576225e+00
        Walking,              2,  1546776631350, 8.39788437e+00,-1.76883392e+01, 6.59130859e+00
        Walking,              2,  1546776631450, 2.42365956e+00, 3.70204210e+00, 3.70870292e-01
        Walking,              2,  1546776631550, 3.27533126e-01, 2.76084900e-01, 2.79268169e+00
        Walking,              2,  1546776631651,-2.60102367e+00,-1.90276241e+00, 1.77450264e+00
        Walking,              2,  1546776631750,-5.80014086e+00,-4.09785938e+00, 4.14302826e+00
        Walking,              2,  1546776631850, 7.47625923e+00,-1.01792746e+01,-8.96025896e-02
        Walking,              2,  1546776631951, 4.85099936e+00, 4.27611542e+00,-2.61387229e+00
        Walking,              2,  1546776632050, 5.74677944e+00, 9.42683697e+00,-6.20498228e+00
        Walking,              2,  1546776632150,-4.96825695e+00,-1.67732811e+01, 1.19757872e+01
        Walking,              2,  1546776632250, 7.02431107e+00,-2.79382210e+01, 1.17433071e+00
        Walking,              2,  1546776632351, 2.63155651e+00,-4.27640152e+00,-3.04018974e+00
        Walking,              2,  1546776632450, 1.08370554e+00, 3.29923630e+00,-4.15095448e-01
        Walking,              2,  1546776632551,-1.05446100e+00, 1.16918850e+00, 2.54759026e+00
        Walking,              2,  1546776632651,-1.38090062e+00,-2.82817268e+00, 1.19034457e+00
        Walking,              2,  1546776632751,-5.84816360e+00,-3.08720779e+00, 2.87344217e-01
        Walking,              2,  1546776632851, 4.15407848e+00,-1.15900717e+01,-4.85728884e+00
        Walking,              2,  1546776632950, 4.09719515e+00, 2.54772902e+00,-2.68966436e+00
        Walking,              2,  1546776633050, 4.99729252e+00, 9.29607773e+00,-6.19269705e+00
        Walking,              2,  1546776633151,-5.49734020e+00,-1.26752253e+01, 1.02597265e+01
        Walking,              2,  1546776633250, 6.49502516e+00,-2.55541706e+01, 3.53741574e+00
        Walking,              2,  1546776633350, 3.75404930e+00,-2.58141518e+00,-4.96674681e+00
        Walking,              2,  1546776633451, 1.56395137e+00, 2.65512562e+00, 2.55577564e-01
        Walking,              2,  1546776633551, 7.82477856e-03, 5.15790939e-01, 1.97600996e+00
        Walking,              2,  1546776633651,-3.72515941e+00,-2.16805649e+00, 9.32310820e-02
        Walking,              2,  1546776633750,-5.79771996e+00,-4.09119606e+00, 3.46972322e+00
        Walking,              2,  1546776633851, 8.66049957e+00,-1.05600405e+01, 3.10265541e-01
        Walking,              2,  1546776633950, 4.24948025e+00, 5.20862818e+00,-3.02110982e+00
        Walking,              2,  1546776634050, 5.43797779e+00, 9.53496456e+00,-5.71037912e+00
        Walking,              2,  1546776634151, 5.07189131e+00, 9.87852669e+00,-4.98690128e+00
        Walking,              2,  1546776634250, 8.73318386e+00,-2.17711182e+01,-1.87629175e+00
        Walking,              2,  1546776634350, 2.56202006e+00,-2.27792454e+00,-9.79191494e+00
        Walking,              2,  1546776634450, 2.01423907e+00, 3.47645712e+00, 4.67547596e-01
        Walking,              2,  1546776634550,-1.36185956e+00, 6.26797676e-01, 1.94855165e+00
        Walking,              2,  1546776634650,-3.41038918e+00,-2.18099594e+00,-2.58767247e-01
        Walking,              2,  1546776634750,-4.91066265e+00,-1.87586021e+00, 4.05279064e+00
        Walking,              2,  1546776634850, 5.88811398e+00,-7.95885563e+00, 1.85466647e+00
        Walking,              2,  1546776634950, 3.83444810e+00, 5.47709036e+00,-3.90493488e+00
        Walking,              2,  1546776635050, 5.83072948e+00, 9.26861382e+00,-4.99550009e+00
        Walking,              2,  1546776635150,-6.65470982e+00,-1.71810818e+01, 1.28611498e+01
        Walking,              2,  1546776635250,-1.53586864e-01,-4.99606323e+00, 5.36188602e-01
        Walking,              2,  1546776635351,-4.23778057e+00,-3.51288605e+00, 1.11924815e+00
        Walking,              2,  1546776635450,-1.79834545e+00, 2.87302399e+00,-1.15183973e+00
        Walking,              2,  1546776635550,-2.92576456e+00, 2.16674423e+00, 1.25212812e+00
        Walking,              2,  1546776635651,-4.77816296e+00,-2.61039257e+00, 6.44001007e-01
        Walking,              2,  1546776635751,-4.53634357e+00,-6.22081757e-01, 3.19150543e+00
        Walking,              2,  1546776635850, 3.18833017e+00,-4.00127029e+00, 4.54021692e-02
        Walking,              2,  1546776635950, 5.49741077e+00, 6.89074802e+00,-5.13907194e+00
        Walking,              2,  1546776636050, 3.17536902e+00, 7.90750504e+00,-2.62189555e+00
        Walking,              2,  1546776636151, 2.92921877e+00, 7.85342503e+00,-2.93623424e+00
        Walking,              2,  1546776636251, 2.36067429e+01, 3.97793245e+00, 1.56993732e+01
        Walking,              2,  1546776636351,-4.77867651e+00, 1.21780777e+00, 6.10119581e-01
        Walking,              2,  1546776636450,-4.43213284e-01, 3.32773161e+00,-8.82133663e-01
        Walking,              2,  1546776636550,-5.46383572e+00,-1.25686455e+00, 6.50121570e-01
        Walking,              2,  1546776636650,-6.81949520e+00,-4.87995338e+00, 4.81411028e+00
        Walking,              2,  1546776636750, 7.18811131e+00,-1.01178646e+01,-2.75612688e+00
        Walking,              2,  1546776636851, 9.00830269e+00,-1.05839090e+01,-4.56655216e+00
        Walking,              2,  1546776636950, 4.05433464e+00, 9.87893581e+00,-5.37584591e+00
        Walking,              2,  1546776637050, 3.70064068e+00, 9.92254353e+00,-5.54450607e+00
        Walking,              2,  1546776637150, 9.29029942e+00, 1.83541298e-01, 7.61211634e-01
        Walking,              2,  1546776637250, 1.88181961e+00,-3.44672203e-01,-2.22220249e+01
        Walking,              2,  1546776637350, 4.00198221e+00, 3.87958002e+00, 1.17601931e-01
        Walking,              2,  1546776637450, 1.34234166e+00, 1.42712498e+00, 2.40037680e+00
        Walking,              2,  1546776637550,-2.51961565e+00,-4.89603043e-01, 3.90349531e+00
        Walking,              2,  1546776637650,-5.99398327e+00,-4.24767303e+00, 2.45504808e+00
        Walking,              2,  1546776637750, 8.12551975e+00,-1.27479219e+01, 3.32073808e-01
        Walking,              2,  1546776637850, 3.75443292e+00, 4.07633591e+00,-2.76424241e+00
        Walking,              2,  1546776637950, 5.82231188e+00, 1.00690737e+01,-5.94433594e+00
        Walking,              2,  1546776638050,-6.73663187e+00,-1.56618166e+01, 1.21854982e+01
        Walking,              2,  1546776638150, 2.90030241e+00,-2.64511909e+01,-4.30361652e+00
        Walking,              2,  1546776638249, 1.74077106e+00,-4.75647545e+00,-2.92255116e+00
        Walking,              2,  1546776638350, 8.66617560e-01, 2.48739290e+00, 1.43438667e-01
        Walking,              2,  1546776638450,-7.17425883e-01, 3.86415482e-01, 2.42406940e+00
        Walking,              2,  1546776638550,-2.53583097e+00,-2.24557114e+00, 1.18586004e+00
        Walking,              2,  1546776638650,-5.01487780e+00,-3.55639267e+00, 3.73203611e+00
        Walking,              2,  1546776638749, 6.33239794e+00,-1.03290777e+01,-2.21560836e-01
        Walking,              2,  1546776638850, 4.72229004e+00, 4.74753475e+00,-3.52222753e+00
        Walking,              2,  1546776638950, 5.52662802e+00, 9.99475288e+00,-5.77511930e+00
        Walking,              2,  1546776639050,-5.08103657e+00,-1.86633224e+01, 1.25060482e+01
        Walking,              2,  1546776639150,-4.41951895e+00,-1.90554771e+01, 1.19598618e+01
        Walking,              2,  1546776639250, 6.03675604e+00,-1.98093224e+01,-6.32816792e+00
        Walking,              2,  1546776639347,-1.54595065e+00,-3.95108604e+00,-1.08521652e+00
        Walking,              2,  1546776639446,-1.03233814e+00, 6.92083359e-01, 1.74995625e+00
        Walking,              2,  1546776639546,-4.26587772e+00,-1.35974312e+00,-1.08312869e+00
        Walking,              2,  1546776639647,-4.77774334e+00,-1.46247768e+00, 3.19741154e+00
        Walking,              2,  1546776639746, 6.73237133e+00,-7.27822208e+00, 1.45851004e+00
        Walking,              2,  1546776639846, 3.83340144e+00, 5.77947712e+00,-3.87522912e+00
        Walking,              2,  1546776639947, 6.12274933e+00, 9.78122520e+00,-4.54916477e+00
        Walking,              2,  1546776640047,-7.93129206e+00,-1.11527605e+01, 8.92616463e+00
        Walking,              2,  1546776640146,-2.70923209e+00,-1.21436024e+01, 1.25073633e+01
        Walking,              2,  1546776640247,-3.81686044e+00,-5.22612476e+00, 1.16742265e+00
        Walking,              2,  1546776640346,-1.06596434e+00, 3.18405914e+00,-1.54355586e+00
        Walking,              2,  1546776640446,-2.06754708e+00, 5.28156281e-01,-1.37655401e+00
        Walking,              2,  1546776640546,-5.45645714e+00,-2.25388718e+00, 1.64220810e-01
        Walking,              2,  1546776640646,-2.58519721e+00,-7.97296524e-01, 2.01696587e+00
        Walking,              2,  1546776640747, 3.36257434e+00,-2.64393234e+00,-5.61378002e-01
        Walking,              2,  1546776640846, 3.60414767e+00, 6.43815517e+00,-4.10845757e+00
        Walking,              2,  1546776640947, 3.60608983e+00, 7.89819574e+00,-2.97774434e+00
        Walking,              2,  1546776641046,-5.84466171e+00, 3.92919064e+00,-5.74212313e-01
        Walking,              2,  1546776641146, 1.02480612e+01, 4.77004719e+00,-3.55920267e+00
        Walking,              2,  1546776641247,-6.48991585e+00,-5.40472031e-01,-7.25841522e-01
        Walking,              2,  1546776641347,-1.18634880e+00, 3.33458662e+00,-1.19698310e+00
        Walking,              2,  1546776641447,-4.03388548e+00,-3.94309044e-01,-3.09155703e-01
        Walking,              2,  1546776641547,-5.73258734e+00,-5.25362968e+00, 3.49285865e+00
        Walking,              2,  1546776641647, 2.91307902e+00,-3.78465271e+00,-2.99416900e-01
        Walking,              2,  1546776641746, 6.97184920e-01, 1.90283775e-01,-2.53916025e+00
        Walking,              2,  1546776641846, 5.04757595e+00, 8.29090977e+00,-5.37555218e+00
        Walking,              2,  1546776641947, 2.75291109e+00, 4.24314070e+00,-1.26583552e+00
        Walking,              2,  1546776642047,-1.22683024e+00, 8.78453350e+00,-3.99990416e+00
        Walking,              2,  1546776642147, 1.34405689e+01,-1.61607742e-01,-4.03153419e-01
        Walking,              2,  1546776642247,-4.70963597e-01, 2.22028112e+00, 3.29594910e-01
        Walking,              2,  1546776642347, 1.89041436e+00, 2.56572676e+00, 1.49905920e-01
        Walking,              2,  1546776642447,-5.61075592e+00,-4.06904221e-01, 4.17657185e+00
        Walking,              2,  1546776642547,-5.83160067e+00,-4.11705971e-01, 4.03271198e+00
        Walking,              2,  1546776642647, 7.22147751e+00,-1.15276880e+01,-9.17003870e-01
        Walking,              2,  1546776642747,-2.56955647e+00, 1.24217129e+00,-2.34797096e+00
        Walking,              2,  1546776642847, 5.18635654e+00, 1.06631536e+01,-5.13607121e+00
        Walking,              2,  1546776642948, 2.71319866e-01,-3.70877266e-01, 4.91040993e+00
        Walking,              2,  1546776643047, 9.08804703e+00,-3.67767906e+00, 3.75815058e+00
        Walking,              2,  1546776643147, 3.22134733e-01,-3.03978157e+00,-2.23084888e+01
        Walking,              2,  1546776643247, 4.18326283e+00, 3.50278854e+00,-1.09393626e-01
        Walking,              2,  1546776643347, 2.88913488e+00, 3.50283146e+00, 1.42064977e+00
        Walking,              2,  1546776643447,-5.54547977e+00, 3.19387436e-01, 4.92183065e+00
        Walking,              2,  1546776643547,-7.73751879e+00,-8.34352493e+00,-1.60959709e+00
        Walking,              2,  1546776643647,-5.81306696e+00,-8.07534313e+00,-3.29409742e+00
        Walking,              2,  1546776643747, 4.61282921e+00,-8.29434967e+00,-2.42276025e+00
        Walking,              2,  1546776643848, 3.71595192e+00, 9.23185539e+00,-4.06613636e+00
        Walking,              2,  1546776643947,-7.84619093e-01,-2.34518051e-01, 6.38072681e+00
        Walking,              2,  1546776644047, 4.17885399e+00,-2.71761990e+00, 2.15745616e+00
        Walking,              2,  1546776644147,-8.04896355e-02,-5.24287605e+00,-1.96321831e+01
        Walking,              2,  1546776644247, 3.12248468e+00, 2.68599701e+00,-9.86232638e-01
        Walking,              2,  1546776644347,-1.39519525e+00, 2.15735340e+00, 8.55931401e-01
        Walking,              2,  1546776644447,-4.03134012e+00,-3.25406075e-01, 2.19430995e+00
        Walking,              2,  1546776644547,-6.89611149e+00,-4.25051880e+00, 4.02979660e+00
        Walking,              2,  1546776644647, 2.16711307e+00,-5.43171501e+00,-4.65881854e-01
        Walking,              2,  1546776644747, 2.02641606e-01, 1.94048643e+00,-2.01754379e+00
        Walking,              2,  1546776644847, 4.12662983e+00, 8.57379341e+00,-4.61645555e+00
        Walking,              2,  1546776644948, 3.99062443e+00, 8.40674210e+00,-5.21250343e+00
        Walking,              2,  1546776645047,-4.43197298e+00, 5.25134087e+00,-2.40164089e+00
        Walking,              2,  1546776645147,-3.59162593e+00, 4.94645500e+00,-2.48022795e+00
        Walking,              2,  1546776645247,-1.74789429e-01, 1.36095333e+00, 2.01272130e-01
        Walking,              2,  1546776645347, 5.28530538e-01, 4.03516769e+00,-2.46594429e-01
        Walking,              2,  1546776645447,-5.42723370e+00,-8.10778618e-01, 2.63679028e-02
        Walking,              2,  1546776645547,-6.06080437e+00,-4.92465496e+00, 2.22910595e+00
        Walking,              2,  1546776645647, 5.32133102e+00,-5.17860889e+00,-1.32685741e-02
        Walking,              2,  1546776645747,-3.79632950e-01, 1.79553080e+00,-3.08328533e+00
        Walking,              2,  1546776645847, 5.65278721e+00, 8.93375683e+00,-4.68337011e+00
        Walking,              2,  1546776645947, 1.23599696e+00, 1.38751650e+00, 2.18764091e+00
        Walking,              2,  1546776646047, 5.86438751e+00, 9.27452755e+00,-3.17301750e+00
        Walking,              2,  1546776646147, 1.08308344e+01,-7.28591919e-01,-1.65971279e+00
        Walking,              2,  1546776646247, 8.96844089e-01, 2.04607916e+00, 1.36249387e+00
        Walking,              2,  1546776646347,-1.57019168e-01, 2.32725954e+00,-6.78452253e-02
        Walking,              2,  1546776646448,-4.68258333e+00, 2.08712578e-01, 3.92494869e+00
        Walking,              2,  1546776646547,-4.85916805e+00, 2.17748642e-01, 3.75145578e+00
        Walking,              2,  1546776646648,-5.70027399e+00,-5.07772255e+00, 1.97940439e-01
        Walking,              2,  1546776646748, 1.03252306e+01,-1.17960310e+01,-4.57508564e+00
        Walking,              2,  1546776646848, 4.61844921e+00, 1.07608738e+01,-4.88214779e+00
        Walking,              2,  1546776646948,-4.05039215e+00,-5.75411320e+00, 1.01386080e+01
        Walking,              2,  1546776647048, 6.13222504e+00, 7.81686592e+00,-2.30235505e+00
        Walking,              2,  1546776647148, 6.36225224e+00, 1.48596954e+00,-1.36148186e+01
        Walking,              2,  1546776647247, 1.74259710e+00, 2.25469351e+00, 9.99029160e-01
        Walking,              2,  1546776647348, 2.70927238e+00, 1.28457165e+00, 2.14315057e+00
        Walking,              2,  1546776647448,-5.26761818e+00,-9.34288025e-01, 4.63192701e+00
        Walking,              2,  1546776647548,-5.54976654e+00,-6.20671463e+00, 3.06034994e+00
        Walking,              2,  1546776647648, 8.30611992e+00,-1.51536598e+01,-2.19510412e+00
        Walking,              2,  1546776647748, 3.79054689e+00, 3.71342897e+00,-2.49079752e+00
        Walking,              2,  1546776647848, 5.03369761e+00, 1.03365335e+01,-5.37071133e+00
        Walking,              2,  1546776647948, 4.32504177e+00, 1.05466871e+01,-5.37445259e+00
        Walking,              2,  1546776648048, 3.90679193e+00,-1.90597954e+01, 2.95092177e+00
        Walking,              2,  1546776648148, 3.02158022e+00,-3.15202904e+00,-4.35811996e+00
        Walking,              2,  1546776648249, 1.98975110e+00, 3.44587994e+00, 3.08400869e-01
        Walking,              2,  1546776648349,-6.95335031e-01, 6.22315407e-01, 2.80335736e+00
        Walking,              2,  1546776648448,-3.50705290e+00,-3.28703117e+00, 1.40290105e+00
        Walking,              2,  1546776648549,-5.55249453e+00,-3.42643929e+00, 2.72679496e+00
        Walking,              2,  1546776648648, 8.09471893e+00,-1.10778599e+01, 8.56981397e-01
        Walking,              2,  1546776648749, 3.83358502e+00, 5.51533651e+00,-3.31365490e+00
        Walking,              2,  1546776648849, 4.13094187e+00, 5.22651434e+00,-3.90520191e+00
        Walking,              2,  1546776648949,-5.65802622e+00,-8.64958000e+00, 5.98447847e+00
        Walking,              2,  1546776649049,-2.14823580e+00,-1.37599277e+01, 7.68514729e+00
        Walking,              2,  1546776649148,-4.59920692e+00,-4.97333908e+00, 3.14572549e+00
        Walking,              2,  1546776649249,-2.29749942e+00, 3.32226515e+00,-1.85066652e+00
        Walking,              2,  1546776649349,-2.41863871e+00, 1.00306225e+00,-6.28296733e-01
        Walking,              2,  1546776649448,-5.08437061e+00,-3.66574669e+00,-2.11065888e-01
        Walking,              2,  1546776649549,-3.80370307e+00,-1.16247272e+00, 1.87191629e+00
        Walking,              2,  1546776649648, 3.02523541e+00,-3.56324196e+00,-4.00792599e-01
        Walking,              2,  1546776649749, 3.92203927e+00, 6.00826168e+00,-4.55976963e+00
        Walking,              2,  1546776649849, 5.02313280e+00, 7.54325628e+00,-3.47779250e+00
        Walking,              2,  1546776649949,-5.37843323e+00, 1.91651058e+00, 2.46226072e+00
        Walking,              2,  1546776650048, 2.10076885e+01, 7.09099865e+00, 1.10697184e+01
        Walking,              2,  1546776650149, 1.88790379e+01, 8.20722675e+00, 1.31247330e+01
        Walking,              2,  1546776650248,-1.97077596e+00, 3.06745434e+00,-9.73159254e-01
        Walking,              2,  1546776650349,-3.96860361e+00, 8.19797516e-02,-8.17163467e-01
        Walking,              2,  1546776650449,-5.70845127e+00,-5.48864269e+00, 4.32504034e+00
        Walking,              2,  1546776650549, 3.22006941e+00,-3.74767971e+00,-3.01400155e-01
        Walking,              2,  1546776650648, 7.63031840e-01, 1.02953911e+00,-1.61917448e+00
        Walking,              2,  1546776650749, 4.48763895e+00, 8.84300423e+00,-5.76866007e+00
        Walking,              2,  1546776650848, 1.76911378e+00, 2.81459999e+00, 2.24315405e-01
        Walking,              2,  1546776650949, 3.28629613e+00, 5.24430084e+00,-3.81391263e+00
        Walking,              2,  1546776651049, 1.26435614e+00,-8.46402168e-01,-2.51829586e+01
        Walking,              2,  1546776651149, 4.77666378e+00, 4.25297308e+00,-3.43468547e-01
        Walking,              2,  1546776651249, 1.79540110e+00, 1.55111504e+00, 1.71804023e+00
        Walking,              2,  1546776651349, 5.19654036e-01, 1.35137653e+00, 2.43875647e+00
        Walking,              2,  1546776651448,-6.89767027e+00,-5.33361626e+00, 1.46743834e+00
        Walking,              2,  1546776651548, 8.59685326e+00,-1.41722488e+01,-3.32231855e+00
        Walking,              2,  1546776651649, 6.81722283e-01, 1.56302643e+00,-1.60528481e+00
        Walking,              2,  1546776651749, 4.84632683e+00, 1.03305054e+01,-5.91202497e+00
        Walking,              2,  1546776651849,-1.55270052e+00,-1.01244545e+01, 1.42523775e+01
        Walking,              2,  1546776651948,-1.11404753e+00,-1.05095434e+01, 1.35802736e+01
        Walking,              2,  1546776652049, 7.69339228e+00, 3.03288460e-01,-1.63631344e+01
        Walking,              2,  1546776652149, 1.74487436e+00, 2.98888493e+00, 2.85256147e-01
        Walking,              2,  1546776652248, 8.32363069e-01, 1.11479187e+00, 2.28158092e+00
        Walking,              2,  1546776652348,-2.98186278e+00, 7.58053780e-01, 6.25802326e+00
        Walking,              2,  1546776652448,-3.09962225e+00, 8.00734520e-01, 5.93563747e+00
        Walking,              2,  1546776652549, 9.22005272e+00,-1.38764515e+01,-4.44328690e+00
        Walking,              2,  1546776652648, 1.28301871e+00, 2.23983240e+00,-1.99964261e+00
        Walking,              2,  1546776652749, 5.06772709e+00, 1.03996239e+01,-5.95005465e+00
        Walking,              2,  1546776652849,-5.56763077e+00,-1.31016874e+01, 1.20008392e+01
        Walking,              2,  1546776652949,-5.01999855e+00,-1.35263500e+01, 1.13056526e+01
        Walking,              2,  1546776653048, 7.69148445e+00,-1.93862915e-01,-1.78627658e+00
        Walking,              2,  1546776653148, 2.89509535e+00, 2.53791618e+00, 6.26785457e-01
        Walking,              2,  1546776653248, 1.18531311e+00, 1.22319412e+00, 8.92025888e-01
        Walking,              2,  1546776653348,-3.21047401e+00, 5.41728973e-01, 3.95853996e+00
        Walking,              2,  1546776653449,-3.35019922e+00, 5.79289436e-01, 3.66447067e+00
        Walking,              2,  1546776653548, 8.28092098e+00,-1.14165869e+01,-4.04351664e+00
        Walking,              2,  1546776653648, 1.53821015e+00, 2.04677057e+00,-2.26089454e+00
        Walking,              2,  1546776653749, 5.30635834e+00, 1.03805084e+01,-5.53273296e+00
        Walking,              2,  1546776653848,-4.95055199e+00,-7.84521770e+00, 1.34704885e+01
        Walking,              2,  1546776653948,-4.59458113e+00,-8.22270393e+00, 1.27391624e+01
        Walking,              2,  1546776654048, 5.29083252e+00,-5.46717262e+00,-1.17832069e+01
        Walking,              2,  1546776654148, 4.10059261e+00, 4.26292610e+00,-3.01324099e-01
        Walking,              2,  1546776654247,-2.77976751e-01, 1.32167053e+00, 2.53543472e+00
        Walking,              2,  1546776654348,-4.04363823e+00, 8.47037315e-01, 5.25708151e+00
        Walking,              2,  1546776654448,-8.19115639e+00,-6.08602524e+00,-9.34704900e-01
        Walking,              2,  1546776654548, 6.71813202e+00,-1.13376675e+01,-3.80359840e+00
        Walking,              2,  1546776654648, 4.02662158e-01, 1.79191208e+00,-2.97399998e+00
        Walking,              2,  1546776654748, 5.04218483e+00, 9.59788513e+00,-4.76290083e+00
        Walking,              2,  1546776654848,-2.26276803e+00, 6.07432365e-01, 5.17758131e+00
        Walking,              2,  1546776654947, 7.83597469e+00, 1.36755943e+00,-1.49405038e+00
        Walking,              2,  1546776655048,-9.50885534e-01,-1.04939938e+00,-2.26769047e+01
        Walking,              2,  1546776655148, 4.85495138e+00, 4.10218000e+00,-3.25549394e-01
        Walking,              2,  1546776655248, 8.41626167e-01, 1.89332390e+00, 1.31034052e+00
        Walking,              2,  1546776655347,-5.13615370e+00, 3.24425697e-01, 4.20735168e+00
        Walking,              2,  1546776655448,-7.69076490e+00,-5.11240482e+00, 2.17582679e+00
        Walking,              2,  1546776655547, 8.80033970e+00,-1.06067667e+01,-4.29821634e+00
        Walking,              2,  1546776655648,-4.90249634e-01, 1.94563437e+00,-2.18832755e+00
        Walking,              2,  1546776655747, 5.03093529e+00, 1.07038345e+01,-5.00796795e+00
        Walking,              2,  1546776655848, 4.59250927e+00, 1.08472319e+01,-4.99252892e+00
        Walking,              2,  1546776655948, 7.77564859e+00,-7.67484188e+00, 4.71954918e+00
        Walking,              2,  1546776656047, 5.27767658e+00,-4.04374981e+00,-9.84053612e+00
        Walking,              2,  1546776656148, 4.01109028e+00, 3.72941160e+00,-6.74540401e-01
        Walking,              2,  1546776656247, 1.63035691e+00, 1.87578154e+00, 1.64448667e+00
        Walking,              2,  1546776656347,-4.37311745e+00,-7.44626045e-01, 3.61440992e+00
        Walking,              2,  1546776656448,-4.07443666e+00,-6.39265060e-01, 3.24850559e+00
        Walking,              2,  1546776656547, 8.27505875e+00,-1.36568251e+01,-2.23356771e+00
        Walking,              2,  1546776656648, 3.53492045e+00, 4.06150055e+00,-2.39731431e+00
        Walking,              2,  1546776656748, 5.67820835e+00, 1.10875311e+01,-6.20318270e+00
        Walking,              2,  1546776656848,-8.76066208e+00,-1.88085747e+01, 1.36154270e+01
        Walking,              2,  1546776656947,-8.78280640e-01,-2.28936424e+01,-1.13069401e+01
        Walking,              2,  1546776657047,-7.58562088e-02,-6.31111813e+00, 1.28892565e+00
        Walking,              2,  1546776657147,-9.60686803e-02, 3.59497118e+00, 2.91880220e-02
        Walking,              2,  1546776657247, 3.10384631e-01, 7.68944740e-01, 3.00156498e+00
        Walking,              2,  1546776657347,-4.35526896e+00,-2.15766239e+00,-3.75890732e-03
        Walking,              2,  1546776657447,-3.82501984e+00,-2.09846687e+00, 3.94224310e+00
        Walking,              2,  1546776657547, 4.06931591e+00,-4.63338757e+00, 1.11487114e+00
        Walking,              2,  1546776657647, 3.52566767e+00, 5.80276966e+00,-4.45570946e+00
        Walking,              2,  1546776657748, 4.69865894e+00, 8.05219078e+00,-3.97819424e+00
        Walking,              2,  1546776657847,-7.11050034e+00,-1.01395798e+00, 5.08476353e+00
        Walking,              2,  1546776657947, 1.69859505e+01, 6.80777073e+00, 1.13784504e+00
        Walking,              2,  1546776658047,-6.14327002e+00, 5.11978149e-01,-1.11105978e+00
        Walking,              2,  1546776658147,-1.67847931e+00, 2.65887451e+00,-1.26985240e+00
        Walking,              2,  1546776658247,-4.36696482e+00, 4.26618576e-01,-9.19733167e-01
        Walking,              2,  1546776658346,-6.10547447e+00,-5.28252697e+00, 3.05421638e+00
        Walking,              2,  1546776658447,-3.96310985e-01,-1.75902271e+00, 1.46375239e+00
        Walking,              2,  1546776658547, 1.43970311e+00,-8.67022514e-01,-1.98397398e+00
        Walking,              2,  1546776658647, 4.53492785e+00, 6.82996464e+00,-4.88362980e+00
        Walking,              2,  1546776658747, 3.17132092e+00, 6.81232214e+00,-2.67077661e+00
        Walking,              2,  1546776658846,-4.49339867e+00, 5.99558449e+00,-1.96113753e+00
        Walking,              2,  1546776658947,-3.95093942e+00, 5.88331127e+00,-1.76639700e+00
        Walking,              2,  1546776659046,-4.97161627e+00, 5.73016167e-01,-1.69009447e-01
        Walking,              2,  1546776659146,-1.28872097e+00, 2.82308674e+00,-8.57626379e-01
        Walking,              2,  1546776659247,-2.64995813e+00, 2.63436794e+00, 1.83832645e-01
        Walking,              2,  1546776659347,-5.23191929e+00,-8.93392563e-01,-5.45799732e-02
        Walking,              2,  1546776659447, 4.68640232e+00,-7.08278465e+00,-1.64777207e+00
        Walking,              2,  1546776659547,-2.96120644e-02, 1.93497753e+00,-4.34883451e+00
        Walking,              2,  1546776659647, 4.21245146e+00, 9.64568806e+00,-4.56314754e+00
        Walking,              2,  1546776659747,-5.57215929e-01,-2.63875961e-01, 3.84133601e+00
        Walking,              2,  1546776659847, 6.69294071e+00, 6.15260744e+00,-2.59799480e+00
        Walking,              2,  1546776659947, 3.47690177e+00,-9.22975540e-02,-2.22581367e+01
        Walking,              2,  1546776660047, 3.53128242e+00, 3.45962811e+00, 3.66097212e-01
        Walking,              2,  1546776660147, 1.02109301e+00, 1.84468317e+00, 1.06797743e+00
        Walking,              2,  1546776660247,-3.61852908e+00, 9.16324615e-01, 5.10850859e+00
        Walking,              2,  1546776660347,-7.03288889e+00,-4.51272392e+00, 2.28622484e+00
        Walking,              2,  1546776660447, 9.43886375e+00,-1.44984045e+01,-2.29415298e+00
        Walking,              2,  1546776660547, 3.25260139e+00, 3.07788658e+00,-1.93973494e+00
        Walking,              2,  1546776660647, 5.02343845e+00, 1.02127638e+01,-4.90541935e+00
        Walking,              2,  1546776660747,-7.61602879e+00,-1.25702400e+01, 1.30283089e+01
        Walking,              2,  1546776660847, 1.37459745e+01,-9.05937958e+00, 1.46023536e+00
        Walking,              2,  1546776660948, 4.31988049e+00, 8.25296402e-01,-1.90258121e+01
        Walking,              2,  1546776661047, 2.83271432e+00, 3.47218609e+00, 4.55113351e-01
        Walking,              2,  1546776661147, 6.77393019e-01, 4.15254593e-01, 2.76712418e+00
        Walking,              2,  1546776661247,-1.27151632e+00,-2.30899906e+00, 2.03440237e+00
        Walking,              2,  1546776661347,-4.14279890e+00,-2.98738956e+00, 3.02934003e+00
        Walking,              2,  1546776661447, 6.65386724e+00,-1.17363424e+01,-1.13948679e+00
        Walking,              2,  1546776661547, 4.39900255e+00, 4.26227903e+00,-2.76773095e+00
        Walking,              2,  1546776661647, 5.95603132e+00, 9.33127403e+00,-6.05828714e+00
        Walking,              2,  1546776661747,-7.83657360e+00,-1.76387253e+01, 1.34944220e+01
        Walking,              2,  1546776661847, 4.83568096e+00,-1.86031837e+01,-8.89153767e+00
        Walking,              2,  1546776661947,-2.24482393e+00,-7.43444920e+00, 1.64694810e+00
        Walking,              2,  1546776662047,-1.27551019e+00, 3.06550598e+00,-3.37673217e-01
        Walking,              2,  1546776662147,-5.09920001e-01, 1.24945927e+00, 1.64937699e+00
        Walking,              2,  1546776662247,-4.29492664e+00,-2.34884739e+00,-9.45220828e-01
        Walking,              2,  1546776662347,-5.25367308e+00,-1.44653130e+00, 2.85134602e+00
        Walking,              2,  1546776662447, 5.11437130e+00,-6.62868881e+00, 2.79096556e+00
        Walking,              2,  1546776662547, 2.92766666e+00, 5.54154396e+00,-4.75909090e+00
        Walking,              2,  1546776662647, 5.44535351e+00, 7.93297577e+00,-4.96848583e+00
        Walking,              2,  1546776662747,-6.79867077e+00,-8.12969398e+00, 9.20998764e+00
        Walking,              2,  1546776662847,-7.70713568e-01,-3.64877129e+00,-2.35299325e+00
        Walking,              2,  1546776662947,-6.16455746e+00,-1.78257942e+00,-7.39881992e-02
        Walking,              2,  1546776663046,-8.11969578e-01, 3.21512556e+00,-3.11580896e-02
        Walking,              2,  1546776663147,-2.10493231e+00, 3.08037329e+00, 1.09400249e+00
        Walking,              2,  1546776663247,-6.49995995e+00,-4.54910183e+00, 1.03357172e+00
        Walking,              2,  1546776663347,-9.53390300e-02,-1.89280891e+00, 1.74408829e+00
        Walking,              2,  1546776663447, 2.84440923e+00,-6.25707626e-01,-2.45296621e+00
        Walking,              2,  1546776663547, 3.53812146e+00, 6.67880249e+00,-4.32635021e+00
        Walking,              2,  1546776663647, 2.65167475e+00, 5.61012745e+00,-9.99450564e-01
        Walking,              2,  1546776663747,-2.75147009e+00, 7.26326847e+00, 6.84602737e-01
        Walking,              2,  1546776663847, 1.82547188e+01, 1.48103666e+00, 1.17187586e+01
        Walking,              2,  1546776663947,-3.19876051e+00, 1.96434689e+00, 4.85201955e-01
        Walking,              2,  1546776664047,-8.84679139e-01, 2.73572159e+00,-2.56372035e-01
        Walking,              2,  1546776664147,-4.81376600e+00,-7.49203682e-01, 3.26554894e-01
        Walking,              2,  1546776664247,-6.00569487e+00,-5.65716839e+00, 4.16684818e+00
        Walking,              2,  1546776664346, 6.16895533e+00,-6.05702400e+00,-1.45655119e+00
        Walking,              2,  1546776664446, 8.02675438e+00,-6.47371483e+00,-3.37147212e+00
        Walking,              2,  1546776664546, 4.10712671e+00, 8.87118340e+00,-4.22656345e+00
        Walking,              2,  1546776664646,-8.69443417e-01, 3.83323669e-01, 3.72675824e+00
        Walking,              2,  1546776664747, 5.18083000e+00, 6.26558971e+00,-3.87795854e+00
        Walking,              2,  1546776664846, 3.53847909e+00, 1.39427423e+00,-2.12858143e+01
        Walking,              2,  1546776664946, 4.29054499e+00, 3.94127703e+00, 1.44056678e-01
        Walking,              2,  1546776665046, 1.00231004e+00, 1.44282150e+00, 2.17913628e+00
        Walking,              2,  1546776665146,-2.41946268e+00,-1.85356140e-02, 5.98972797e+00
        Walking,              2,  1546776665246,-6.38031387e+00,-5.77823734e+00, 1.77399063e+00
        Walking,              2,  1546776665347, 5.83887959e+00,-1.27658548e+01,-5.29673576e-01
        Walking,              2,  1546776665446, 2.86504650e+00, 3.14025164e+00,-2.75964451e+00
        Walking,              2,  1546776665546, 3.52484798e+00, 2.74192858e+00,-3.40479827e+00
        Walking,              2,  1546776665646,-8.33294010e+00,-1.69698143e+01, 1.39755249e+01
        Walking,              2,  1546776665746, 6.58340454e+00,-2.34726315e+01,-6.43054342e+00
        Walking,              2,  1546776665846,-2.36446857e-01,-6.06490898e+00, 3.71321678e-01
        Walking,              2,  1546776665946, 5.31240046e-01, 3.33519936e+00, 4.99122888e-01
        Walking,              2,  1546776666046,-1.58661783e-01, 5.69018364e-01, 2.14617777e+00
        Walking,              2,  1546776666146,-5.02332497e+00,-1.48585606e+00,-6.55327678e-01
        Walking,              2,  1546776666246,-4.88566494e+00,-1.11854172e+00, 3.73655605e+00
        Walking,              2,  1546776666346, 6.29394150e+00,-8.71709919e+00, 8.57997537e-01
        Walking,              2,  1546776666446, 3.46347618e+00, 5.73176384e+00,-3.58729959e+00
        Walking,              2,  1546776666546, 6.09659624e+00, 1.05527763e+01,-5.03303385e+00
        Walking,              2,  1546776666646, 5.84512424e+00, 1.07093792e+01,-4.81310606e+00
        Walking,              2,  1546776666746, 4.67834425e+00,-1.37621593e+00,-6.38656330e+00
        Walking,              2,  1546776666846,-7.25811434e+00,-1.91436577e+00,-2.21879077e+00
        Walking,              2,  1546776666946,-1.50244427e+00, 3.26247931e+00,-1.07062685e+00
        Walking,              2,  1546776667046,-3.32130671e+00, 8.33549500e-01, 6.90841794e-01
        Walking,              2,  1546776667146,-5.92107630e+00,-3.80363941e+00, 4.05022740e-01
        Walking,              2,  1546776667246,-3.36329913e+00,-4.68418121e-01, 1.62619793e+00
        Walking,              2,  1546776667346, 5.97063255e+00,-3.37066936e+00,-1.28376245e-01
        Walking,              2,  1546776667446, 3.59989047e+00, 5.57661152e+00,-4.20980740e+00
        Walking,              2,  1546776667546, 4.02632284e+00, 8.40293312e+00,-3.75317574e+00
        Walking,              2,  1546776667646,-5.99440241e+00, 6.46219397e+00, 3.83393764e-02
        Walking,              2,  1546776667746,-2.51103210e+00,-3.02541351e+00,-9.23555660e+00
        Walking,              2,  1546776667846,-5.12470055e+00,-2.42959881e+00, 1.08336043e+00
        Walking,              2,  1546776667946,-1.43800998e+00, 3.44491816e+00,-9.48095560e-01
        Walking,              2,  1546776668046,-3.06193209e+00, 6.77380562e-01,-5.80976009e-01
        Walking,              2,  1546776668147,-5.32086802e+00,-3.82213306e+00, 6.92008853e-01
        Walking,              2,  1546776668246,-3.78573942e+00,-5.16890526e-01, 1.63000333e+00
        Walking,              2,  1546776668346, 3.97124434e+00,-3.50934792e+00,-2.90783644e-02
        Walking,              2,  1546776668446, 3.05871940e+00, 5.71391678e+00,-4.40405607e+00
        Walking,              2,  1546776668546, 4.27961588e+00, 7.80655479e+00,-3.20477009e+00
        Walking,              2,  1546776668646, 3.85056067e+00, 7.89220333e+00,-3.33113647e+00
        Walking,              2,  1546776668746, 1.85947990e+01, 1.96571493e+00, 1.16209469e+01
        Walking,              2,  1546776668847,-4.56203890e+00, 9.71796989e-01, 1.70088768e-01
        Walking,              2,  1546776668946,-1.72771275e+00, 2.88887978e+00,-1.62620890e+00
        Walking,              2,  1546776669047,-4.16678810e+00,-1.33720493e+00, 3.73372674e-01
        Walking,              2,  1546776669146,-6.26179409e+00,-5.73344994e+00, 3.58206892e+00
        Walking,              2,  1546776669247, 1.20715022e+00,-2.65252972e+00,-4.52712417e-01
        Walking,              2,  1546776669347, 1.80140901e+00, 5.36240578e-01,-2.75163102e+00
        Walking,              2,  1546776669447, 3.65125656e+00, 6.83447933e+00,-4.12438345e+00
        Walking,              2,  1546776669546, 3.51329756e+00, 4.65310335e+00,-2.64177084e+00
        Walking,              2,  1546776669646,-4.93763638e+00, 6.26299143e+00,-2.01347756e+00
        Walking,              2,  1546776669746, 1.89430084e+01, 1.70964861e+00, 1.44853516e+01
        Walking,              2,  1546776669846,-4.70567036e+00, 7.99426079e-01, 2.25715995e-01
        Walking,              2,  1546776669947,-1.24244845e+00, 2.03111029e+00,-6.95381165e-01
        Walking,              2,  1546776670047,-5.06763268e+00,-2.14503288e-01,-8.11140537e-02
        Walking,              2,  1546776670146,-5.24617434e+00,-5.39190388e+00, 3.80679989e+00
        Walking,              2,  1546776670246, 5.49366999e+00,-6.40293980e+00,-1.47308081e-01
        Walking,              2,  1546776670346,-7.86119699e-01, 1.64448357e+00,-4.08697844e+00
        Walking,              2,  1546776670446, 4.65550613e+00, 9.70865917e+00,-4.68391037e+00
        Walking,              2,  1546776670546,-7.50815153e-01,-8.04557800e-01, 3.02860999e+00
        Walking,              2,  1546776670646, 7.71433592e+00,-8.81767273e-02,-1.00560427e+00
        Walking,              2,  1546776670746,-5.44371605e-01,-2.00427055e-01,-2.22555561e+01
        Walking,              2,  1546776670846, 3.80721140e+00, 4.21544743e+00,-4.87013996e-01
        Walking,              2,  1546776670946, 8.43934059e-01, 1.81236506e+00, 2.01735139e-01
        Walking,              2,  1546776671046,-4.55397987e+00, 9.09094810e-01, 4.66163254e+00
        Walking,              2,  1546776671146,-8.37864780e+00,-5.52374268e+00, 1.74392354e+00
        Walking,              2,  1546776671245, 9.94682217e+00,-1.52834835e+01,-1.67757392e+00
        Walking,              2,  1546776671346, 3.73994541e+00, 3.21379995e+00,-2.93682218e+00
        Walking,              2,  1546776671445, 5.77305841e+00, 9.64691734e+00,-5.02852535e+00
        Walking,              2,  1546776671546,-3.39089084e+00,-8.93186665e+00, 1.42278538e+01
        Walking,              2,  1546776671646, 8.20433331e+00,-1.28159523e-01, 1.65248394e+00
        Walking,              2,  1546776671746, 4.96538544e+00, 1.81478357e+00,-2.05006142e+01
        Walking,              2,  1546776671846, 3.06847310e+00, 4.08304453e+00,-9.89792407e-01
        Walking,              2,  1546776671946, 1.60323775e+00, 4.01916170e+00, 3.14676404e-01
        Walking,              2,  1546776672046,-9.20779109e-01, 6.29498482e-01, 2.95773649e+00
        Walking,              2,  1546776672145,-6.74700737e+00,-5.56862926e+00, 4.16812515e+00
        Walking,              2,  1546776672246, 8.39963531e+00,-1.27910976e+01,-1.86565018e+00
        Walking,              2,  1546776672345, 9.96188164e+00,-1.33552999e+01,-3.22192097e+00
        Walking,              2,  1546776672446, 6.73064709e+00, 1.00929317e+01,-5.41197634e+00
        Walking,              2,  1546776672546,-7.59382153e+00,-1.47287636e+01, 1.00595388e+01
        Walking,              2,  1546776672647,-7.14175272e+00,-1.50971785e+01, 9.44093323e+00
        Walking,              2,  1546776672747, 7.91961336e+00,-2.12477722e+01, 3.23311234e+00
        Walking,              2,  1546776672846, 1.95501804e+00, 2.96228552e+00,-2.64466852e-02
        Walking,              2,  1546776672947,-1.02471638e+00, 8.86502266e-01, 2.76595545e+00
        Walking,              2,  1546776673046,-6.69361234e-01,-3.21837807e+00, 2.04178691e+00
        Walking,              2,  1546776673147,-5.81305027e+00,-4.13166237e+00, 3.64820433e+00
        Walking,              2,  1546776673247, 5.77388859e+00,-1.14319906e+01,-1.76771045e+00
        Walking,              2,  1546776673346, 4.62513733e+00, 3.87377930e+00,-3.53034735e+00
        Walking,              2,  1546776673446, 5.70136833e+00, 9.92209053e+00,-5.63984013e+00
        Walking,              2,  1546776673547,-6.45747185e+00,-1.84108276e+01, 1.40273046e+01
        Walking,              2,  1546776673646, 1.68068047e+01,-2.60131950e+01,-1.32855177e-01
        Walking,              2,  1546776673747, 4.89240551e+00,-1.29461288e+00,-7.28249931e+00
        Walking,              2,  1546776673846, 3.22602797e+00,-6.93292618e-01,-4.74999142e+00
        Walking,              2,  1546776673947, 5.17385483e-01, 2.82953262e-01, 1.87245059e+00
        Walking,              2,  1546776674047,-5.00989628e+00,-1.76658344e+00, 3.63980293e-01
        Walking,              2,  1546776674147,-7.12213898e+00,-1.38078499e+00, 2.53942728e+00
        Walking,              2,  1546776674247, 4.97841835e+00,-5.91025257e+00, 7.52762556e-01
        Walking,              2,  1546776674347, 6.30139112e+00,-6.56840992e+00,-5.02825022e-01
        Walking,              2,  1546776674447, 5.80717754e+00, 7.97625875e+00,-4.28063726e+00
        Walking,              2,  1546776674547,-7.22623062e+00, 2.49881840e+00, 2.42165089e+00
        Walking,              2,  1546776674647,-6.29040337e+00, 2.14383125e+00, 2.38315487e+00
        Walking,              2,  1546776674747, 1.64327736e+01, 6.77319527e+00, 9.20461369e+00
        Walking,              2,  1546776674847,-1.98699176e+00, 2.91383314e+00,-7.04973459e-01
        Walking,              2,  1546776674948,-3.45752144e+00, 2.98233986e-01, 7.13083744e-02
        Walking,              2,  1546776675048,-6.56075573e+00,-5.00247669e+00, 2.69806147e+00
        Walking,              2,  1546776675147, 3.34712124e+00,-3.98091888e+00, 8.68826628e-01
        Walking,              2,  1546776675247, 5.26008010e-01, 1.01138592e+00,-2.41449118e+00
        Walking,              2,  1546776675347, 1.56334805e+00, 6.06343269e-01,-2.97916198e+00
        Walking,              2,  1546776675448, 1.13917851e+00, 4.55543518e+00,-9.54675674e-01
        Walking,              2,  1546776675547, 2.12330580e-01, 8.87800217e+00,-2.88583612e+00
        Walking,              2,  1546776675648, 1.71205730e+01, 1.17472458e+00, 1.16180229e+01
        Walking,              2,  1546776675748,-3.15415049e+00, 1.15886211e+00, 3.92532885e-01
        Walking,              2,  1546776675848, 9.32688296e-01, 2.57591009e+00,-4.44141030e-01
        Walking,              2,  1546776675948,-5.54683018e+00,-2.66763687e-01, 2.74460959e+00
        Walking,              2,  1546776676048,-5.83478498e+00,-2.86794662e-01, 2.59435368e+00
        Walking,              2,  1546776676148,-4.37999964e+00,-4.85971355e+00, 1.69909418e+00
        Walking,              2,  1546776676248,-9.83149290e-01, 2.55879593e+00,-4.33392859e+00
        Walking,              2,  1546776676348, 4.73986435e+00, 9.72497368e+00,-4.67750931e+00
        Walking,              2,  1546776676447,-3.19204330e+00,-3.11053371e+00, 6.13719654e+00
        Walking,              2,  1546776676548, 5.53714323e+00, 8.65586090e+00,-4.16110182e+00
        Walking,              2,  1546776676648, 6.75972080e+00, 1.94924450e+00,-1.36238995e+01
        Walking,              2,  1546776676749, 3.29259419e+00, 3.15161562e+00, 1.43866837e-01
        Walking,              2,  1546776676848, 1.26580429e+00, 1.56487560e+00, 1.74335957e+00
        Walking,              2,  1546776676948,-4.20374918e+00, 9.25650597e-01, 5.40762329e+00
        Walking,              2,  1546776677049,-6.91294575e+00,-5.19966602e+00, 3.01047802e+00
        Walking,              2,  1546776677148,-4.72988510e+00,-5.08915329e+00, 7.64152229e-01
        Walking,              2,  1546776677249, 2.59694648e+00, 2.56317043e+00,-2.09594584e+00
        Walking,              2,  1546776677348, 5.65979862e+00, 9.61569500e+00,-6.44419098e+00
        Walking,              2,  1546776677449,-4.15956211e+00,-9.01977158e+00, 1.19846039e+01
        Walking,              2,  1546776677548, 1.05693970e+01,-1.16077032e+01, 3.67148018e+00
        Walking,              2,  1546776677649, 6.21425772e+00,-1.63310242e+00,-1.20529175e+01
        Walking,              2,  1546776677748, 2.13156509e+00, 3.80344296e+00, 2.98167825e-01
        Walking,              2,  1546776677849, 8.95728588e-01, 3.74836445e+00, 1.54150903e+00
        Walking,              2,  1546776677948,-1.46143186e+00,-1.47456837e+00, 1.85885763e+00
        Walking,              2,  1546776678049,-6.72731924e+00,-5.91903019e+00, 3.76609969e+00
        Walking,              2,  1546776678149, 7.84267902e+00,-1.25677423e+01,-3.31931233e+00
        Walking,              2,  1546776678249, 4.14813232e+00, 4.86827278e+00,-2.67732286e+00
        Walking,              2,  1546776678349, 6.35733509e+00, 1.05092449e+01,-5.92396259e+00
        Walking,              2,  1546776678449,-7.76448441e+00,-1.71119194e+01, 1.39227791e+01
        Walking,              2,  1546776678549, 1.32730684e+01,-1.17936907e+01, 1.39696765e+00
        Walking,              2,  1546776678649, 2.97212720e+00, 8.39128494e-01,-1.43892727e+01
        Walking,              2,  1546776678749, 1.49385548e+00, 2.88227701e+00, 1.53927267e-01
        Walking,              2,  1546776678849, 2.42906928e-01, 4.48774338e-01, 3.84113503e+00
        Walking,              2,  1546776678949,-5.35901165e+00,-2.12641239e+00, 7.14444041e-01
        Walking,              2,  1546776679050,-4.65023470e+00,-2.39989281e+00, 3.71343684e+00
        Walking,              2,  1546776679149, 6.00452614e+00,-7.10875225e+00, 2.35311913e+00
        Walking,              2,  1546776679249, 1.98297524e+00, 5.62032700e+00,-4.43348598e+00
        Walking,              2,  1546776679349, 4.17874146e+00, 1.03201895e+01,-4.32958364e+00
        Walking,              2,  1546776679450,-3.88726139e+00, 3.05572891e+00, 3.48465395e+00
        Walking,              2,  1546776679550, 1.83474331e+01, 3.56344032e+00, 3.53229165e+00
        Walking,              2,  1546776679649,-4.49944925e+00, 9.40521240e-01,-6.43722415e-01
        Walking,              2,  1546776679749,-1.18360448e+00, 3.33486462e+00,-1.09637034e+00
        Walking,              2,  1546776679849,-4.53270721e+00,-1.33896828e+00, 1.88713193e-01
        Walking,              2,  1546776679949,-6.85703564e+00,-6.38808537e+00, 3.07597017e+00
        Walking,              2,  1546776680049, 3.00817108e+00,-4.95341396e+00,-9.98314261e-01
        Walking,              2,  1546776680149, 1.38512969e-01, 2.38381433e+00,-3.47972322e+00
        Walking,              2,  1546776680249, 3.73257899e+00, 9.18931770e+00,-4.23219395e+00
        Walking,              2,  1546776680349, 1.15073991e+00,-2.09569931e-02, 1.15129924e+00
        Walking,              2,  1546776680450, 1.32715440e+00,-2.22006798e-01, 7.41551399e-01
        Walking,              2,  1546776680550, 3.20081520e+00, 1.01732445e+00,-2.29627323e+01
        Walking,              2,  1546776680649, 3.63729382e+00, 4.22537136e+00,-5.80213070e-02
        Walking,              2,  1546776680750, 9.99454260e-01, 1.40869045e+00, 1.20765686e+00
        Walking,              2,  1546776680849,-4.39440346e+00, 9.13120270e-01, 5.70629501e+00
        Walking,              2,  1546776680949,-8.18858910e+00,-6.48926353e+00, 2.53478336e+00
        Walking,              2,  1546776681050, 8.58157349e+00,-1.30048885e+01,-3.28842545e+00
        Walking,              2,  1546776681150, 1.01993370e+01,-1.34613590e+01,-4.86914825e+00
        Walking,              2,  1546776681250, 4.91277981e+00, 1.07949762e+01,-5.74424553e+00
        Walking,              2,  1546776681350,-3.95675230e+00,-1.05585470e+01, 1.17003441e+01
        Walking,              2,  1546776681450, 8.37294674e+00, 1.14373875e+00,-1.31509006e+00
        Walking,              2,  1546776681550, 4.89946270e+00, 1.11150932e+00,-2.19461746e+01
        Walking,              2,  1546776681650, 2.57598281e+00, 3.31265640e+00, 1.64759785e-01
        Walking,              2,  1546776681749, 2.32848787e+00, 6.39094353e-01, 3.27612638e+00
        Walking,              2,  1546776681849,-2.46335721e+00,-1.56558418e+00, 4.26094913e+00
        Walking,              2,  1546776681949,-7.61040068e+00,-5.37486172e+00, 4.03361130e+00
        Walking,              2,  1546776682050, 9.17866993e+00,-1.35221252e+01,-2.47274542e+00
        Walking,              2,  1546776682149, 3.66753721e+00, 4.21833181e+00,-2.78858590e+00
        Walking,              2,  1546776682249, 5.97782230e+00, 1.06351519e+01,-6.09057999e+00
        Walking,              2,  1546776682349,-7.25917912e+00,-1.79949455e+01, 1.48042746e+01
        Walking,              2,  1546776682450, 1.35265791e+00,-2.34532471e+01,-8.18865108e+00
        Walking,              2,  1546776682549, 1.00096953e+00,-5.83691883e+00,-8.52260828e-01
        Walking,              2,  1546776682650, 5.83718479e-01, 3.18989038e+00, 5.88422477e-01
        Walking,              2,  1546776682749,-1.06595361e+00, 6.38871193e-01, 2.42150211e+00
        Walking,              2,  1546776682849,-5.08778381e+00,-2.46819305e+00, 3.61673355e-01
        Walking,              2,  1546776682949,-3.48687553e+00,-3.61711788e+00, 4.75309420e+00
        Walking,              2,  1546776683049, 5.77817678e+00,-7.49297810e+00, 7.93192625e-01
        Walking,              2,  1546776683149, 2.45406628e+00, 5.49524879e+00,-3.94039631e+00
        Walking,              2,  1546776683249, 5.37227821e+00, 9.24707222e+00,-4.13706207e+00
        Walking,              2,  1546776683349,-6.70361805e+00,-8.69457817e+00, 8.12316990e+00
        Walking,              2,  1546776683449, 3.64241338e+00,-2.23234653e+00, 4.00934935e-01
        Walking,              2,  1546776683549,-5.76817703e+00,-3.44895458e+00,-4.33619022e-02
        Walking,              2,  1546776683649,-1.76734805e+00, 3.07633114e+00,-3.32509518e-01
        Walking,              2,  1546776683749,-2.24528980e+00, 1.83066130e+00, 2.18830538e+00
        Walking,              2,  1546776683848,-4.67685175e+00,-2.73174858e+00,-3.96338463e-01
        Walking,              2,  1546776683948,-3.45669818e+00, 2.05230713e-02, 3.03563356e+00
        Walking,              2,  1546776684048, 5.02319813e+00,-5.36959648e+00, 1.63079023e+00
        Walking,              2,  1546776684149, 3.38856673e+00, 5.17394257e+00,-4.25728369e+00
        Walking,              2,  1546776684249, 5.23484135e+00, 9.40145111e+00,-3.97518110e+00
        Walking,              2,  1546776684349,-3.05917215e+00,-2.26808453e+00, 3.88877130e+00
        Walking,              2,  1546776684449,-2.49636793e+00,-2.66571903e+00, 3.29973269e+00
        Walking,              2,  1546776684549,-4.20613050e-01, 3.18533134e+00, 3.64041805e-01
        Walking,              2,  1546776684649,-1.04806995e+00, 2.33551884e+00,-8.30265522e-01
        Walking,              2,  1546776684749,-1.46309257e+00,-1.05315876e+00,-6.64585829e-02
        Walking,              2,  1546776684849,-7.93914318e+00,-4.50117683e+00, 3.68885803e+00
        Walking,              2,  1546776684948,-6.05845976e+00,-4.19533157e+00, 2.11159110e+00
        Walking,              2,  1546776685049, 8.00410151e-01, 1.60959482e+00,-2.72439456e+00
        Walking,              2,  1546776685149, 5.26077461e+00, 9.40251350e+00,-4.87514973e+00
        Walking,              2,  1546776685249, 1.16596246e+00, 3.99552345e-01, 1.22581148e+00
        Walking,              2,  1546776685348, 7.50732517e+00, 7.50461960e+00,-1.93944025e+00
        Walking,              2,  1546776685449, 4.82223368e+00,-5.06248474e-01,-2.37553902e+01
        Walking,              2,  1546776685549, 3.78572464e+00, 3.56963873e+00,-4.63781893e-01
        Walking,              2,  1546776685649, 1.65868556e+00, 1.90315294e+00, 1.44826233e+00
        Walking,              2,  1546776685749,-4.53688812e+00, 2.62317657e-02, 4.15152121e+00
        Walking,              2,  1546776685848,-8.36096096e+00,-4.27628422e+00, 3.39013672e+00
        Walking,              2,  1546776685948, 1.04591007e+01,-1.49684343e+01,-2.87526321e+00
        Walking,              2,  1546776686049, 1.23528395e+01,-1.55924644e+01,-4.05874443e+00
        Walking,              2,  1546776686149, 6.10480165e+00, 1.14173679e+01,-6.77849483e+00
        Walking,              2,  1546776686248,-6.12400532e+00,-1.55854120e+01, 1.13805466e+01
        Walking,              2,  1546776686348, 6.70032215e+00,-2.39619751e+01, 5.85904312e+00
        Walking,              2,  1546776686449, 4.48747635e+00,-3.44189548e+00,-4.11517191e+00
        Walking,              2,  1546776686549, 2.26371241e+00, 2.49118137e+00, 9.87468123e-01
        Walking,              2,  1546776686649, 5.13455749e-01, 1.16682339e+00, 1.57878423e+00
        Walking,              2,  1546776686748,-2.48200178e+00,-2.10689449e+00, 2.64017010e+00
        Walking,              2,  1546776686848,-8.25919914e+00,-1.32773972e+00, 1.59955692e+00
        Walking,              2,  1546776686948,-5.67414951e+00,-1.34162140e+00,-4.80331481e-01
        Walking,              2,  1546776687048, 2.67943430e+00, 4.60295677e-01,-1.91930604e+00
        Walking,              2,  1546776687148, 7.08968544e+00, 1.10296574e+01,-7.60781336e+00
        Walking,              2,  1546776687248,-6.62005424e+00,-1.16435823e+01, 7.78840923e+00
        Walking,              2,  1546776687348,-2.70286322e+00, 7.13346624e+00,-1.69177842e+00
        Walking,              2,  1546776687448, 5.06385994e+00,-1.59382439e+00,-2.66096668e+01
        Walking,              2,  1546776687548, 2.80067825e+00, 4.27104187e+00, 6.49807453e-02
        Walking,              2,  1546776687648,-9.83540177e-01, 3.63737679e+00,-9.83814061e-01
        Walking,              2,  1546776687748,-3.29509306e+00,-1.73727989e-01, 3.08748102e+00
        Walking,              2,  1546776687847,-4.88472080e+00,-3.35703278e+00, 3.50285196e+00
        Walking,              2,  1546776687947, 4.24373913e+00,-7.07842636e+00, 2.34250689e+00
        Walking,              2,  1546776688048, 3.94659758e-01,-1.96706772e-01,-5.10275841e-01
        Walking,              2,  1546776688148, 7.58599758e+00, 1.10687675e+01,-4.10257387e+00
        Walking,              2,  1546776688248, 7.07512760e+00, 1.10048656e+01,-5.04765844e+00
        Walking,              2,  1546776688348, 2.38519335e+00, 8.95217133e+00,-2.05421686e+00
        Walking,              2,  1546776688448, 6.61317539e+00,-1.34381294e+00,-1.58874912e+01
        Walking,              2,  1546776688548, 6.87423468e-01, 2.59182692e+00, 4.74622011e-01
        Walking,              2,  1546776688647, 2.30517554e+00, 4.15178108e+00, 5.61654377e+00
        Walking,              2,  1546776688747, 3.25818348e+00,-8.00323486e-03,-8.37130249e-01
        Walking,              2,  1546776688847, 3.61255026e+00,-7.68983173e+00, 3.61657071e+00
        Walking,              2,  1546776688948, 3.07815742e+00,-6.62069321e-01,-1.14410758e+00
        Walking,              2,  1546776689047, 1.01688397e+00, 5.00692272e+00,-2.88252807e+00
        Walking,              2,  1546776689148,-3.97468030e-01, 4.78629303e+00, 2.88613200e-01
        Walking,              2,  1546776689247, 1.27024263e-01,-6.50049210e-01, 4.74441767e+00
        Walking,              2,  1546776689347,-4.55042839e+00, 9.81527328e-01, 2.17968941e-01
        Walking,              2,  1546776689448, 8.27502823e+00, 3.20901871e-01,-6.91228867e+00
        Walking,              2,  1546776689548,-3.70963216e+00,-3.83882141e+00,-4.79254246e+00
        Walking,              2,  1546776689647,-9.29990172e-01, 1.67797089e-01,-3.58547020e+00
        Walking,              2,  1546776689747,-3.76449943e-01, 7.46233940e-01,-6.15037680e-01
        Walking,              2,  1546776689847,-4.31725168e+00, 7.32788086e-01, 9.61528361e-01
        Walking,              2,  1546776689947,-3.52542782e+00,-4.78392601e-01, 7.94165969e-01
        Walking,              2,  1546776690047, 3.10845685e+00,-9.38747406e-01,-5.74187338e-02
        Walking,              2,  1546776690148, 2.58110940e-01, 1.90586710e+00,-1.50622416e+00
        Walking,              2,  1546776690248, 1.99789143e+00, 3.44838667e+00,-1.37097538e+00
        Walking,              2,  1546776690347, 6.11215234e-01, 2.76657248e+00,-2.61726141e-01
        Walking,              2,  1546776690447,-5.07731915e+00,-4.96120453e-02, 2.24767733e+00
        Walking,              2,  1546776690547, 3.44999194e-01, 8.08777809e-01, 1.50409818e+00
        Walking,              2,  1546776690650, 1.69705439e+00,-7.18320560e+00, 1.93333983e+00
        Walking,              2,  1546776690750, 2.39710480e-01, 1.05634403e+00,-7.66531944e+00
        Walking,              2,  1546776690850,-9.23527777e-02, 1.31910896e+00,-6.37224579e+00
        Walking,              2,  1546776690950, 5.02450228e-01,-1.10148430e-01,-7.82797217e-01
        Walking,              2,  1546776691051,-6.41327024e-01, 1.01130772e+00,-1.49871349e+00
        Walking,              2,  1546776691151,-4.67261434e-01,-2.38167381e+00,-1.44911647e+00
        Walking,              2,  1546776691252,-4.03982115e+00, 6.70948029e-01, 2.68082333e+00
        Walking,              2,  1546776691352, 1.07115984e+00,-1.25621548e+01,-1.82449615e+00
        Walking,              2,  1546776691452, 3.63352394e+00,-4.59112167e-01,-2.69327617e+00
        Walking,              2,  1546776691553, 1.43767428e+00,-3.61307144e-01,-1.83713078e+00
        Walking,              2,  1546776691653,-1.54792690e+01,-6.11810827e+00,-4.36716938e+00
        Walking,              2,  1546776691754, 1.14496040e+00,-3.20911980e+00, 2.71652460e+00
        Walking,              2,  1546776691854,-1.15282946e+01,-1.65433168e+00,-1.51190758e+01
        Walking,              2,  1546776691954,-2.93044853e+00, 4.10386801e+00,-1.49668255e+01
        Walking,              2,  1546776692055,-4.15706539e+00, 4.49431896e+00,-2.13163452e+01
        Walking,              2,  1546776692156,-3.31401587e+00, 2.92923951e+00,-7.40865517e+00
        Walking,              2,  1546776692256,-1.32494986e+00, 1.86290002e+00,-9.30237675e+00
        Walking,              2,  1546776692357, 2.53747702e-02,-1.01762486e+00,-4.63385057e+00
        Walking,              2,  1546776692457,-3.13332987e+00,-1.52068424e+00, 2.09229469e+00
        Walking,              2,  1546776692559, 7.99541593e-01, 1.54731810e+00, 1.90397644e+00
        Walking,              2,  1546776692659,-7.69248962e-01, 8.59344840e-01, 6.75742149e-01
        Walking,              2,  1546776692759,-1.14581859e+00,-1.15726233e+00,-2.84183311e+00
        Walking,              2,  1546776692861,-1.43842840e+00,-1.66093671e+00,-2.89635468e+00
        Walking,              2,  1546776692962, 1.41598022e+00, 6.81794703e-01, 2.83271980e+00
        Walking,              2,  1546776693062,-1.35727644e-01,-1.06155312e+00, 1.24299049e-01
        Walking,              2,  1546776693163,-7.80802965e-03, 7.78437972e-01,-2.06719494e+00
        Walking,              2,  1546776693264, 1.88202918e+00, 6.24807119e-01,-1.25964451e+00
        Walking,              2,  1546776693365, 6.69531226e-02, 1.26624227e+00, 2.46191978e-01
        Walking,              2,  1546776693465,-4.98852611e-01, 1.12381697e+00, 1.23659515e+00
        Walking,              2,  1546776693566,-4.30932045e-01, 2.42952824e-01, 2.74260521e-01
        Walking,              2,  1546776693667, 9.62396145e-01,-8.13736796e-01, 2.44486809e-01
        Walking,              2,  1546776693772, 2.62949467e-02, 8.38086128e-01,-2.29555368e+00
        Walking,              2,  1546776693873, 3.69102061e-01, 3.97716522e-01,-5.28291702e-01
        Walking,              2,  1546776693974, 1.72238183e+00,-3.99672270e-01,-1.09157467e+00
        Walking,              2,  1546776694074, 8.39356244e-01, 1.52795315e-01,-1.91876411e-01
        Walking,              2,  1546776694174, 1.30067635e+00, 6.35668278e-01,-8.89547348e-01
        Walking,              2,  1546776694275, 9.73235905e-01, 8.89945030e-02,-3.68654251e-01
        Walking,              2,  1546776694375, 5.52481830e-01,-3.34119797e-02,-4.77162361e-01
        Walking,              2,  1546776694476, 2.31944561e-01,-3.45158339e-01,-6.05149269e-01
        Walking,              2,  1546776694577,-1.34435952e-01,-3.61711979e-02,-1.09910965e-01
        Walking,              2,  1546776694677,-4.96239662e-01, 1.67494059e-01, 4.45795059e-02
        Walking,              2,  1546776694777, 6.38636351e-02, 1.36988640e-01,-4.56037521e-01
        Walking,              2,  1546776694877, 1.11308575e-01,-2.54590034e-01, 1.62227631e-01
        Walking,              2,  1546776694978,-3.40707302e-02,-1.27211094e-01,-3.26827049e-01
        Walking,              2,  1546776695078,-5.29268920e-01, 2.75342464e-02,-2.99245834e-01
        Walking,              2,  1546776695176,-1.24275446e-01, 6.01925850e-02,-1.76663399e-01
        Walking,              2,  1546776695277,-2.21657157e-01,-3.51815224e-02,-5.35341263e-01
        Walking,              2,  1546776695377, 8.91273260e-01,-6.26301765e-01, 8.34365845e-01
        Walking,              2,  1546776695478, 1.32204461e+00,-1.06681299e+00, 1.10062981e+00
        Walking,              2,  1546776695578, 3.49853754e-01, 4.76340580e+00,-8.22354317e-01
        Walking,              2,  1546776695679, 5.05259037e-01,-3.45952749e-01,-7.36284256e-01
        Walking,              2,  1546776695779, 5.02373934e-01,-6.42311573e-02,-5.56018829e-01
        Walking,              2,  1546776695879,-3.74974251e-01, 3.62159967e-01, 3.80767822e-01
        Walking,              2,  1546776695980,-4.91362095e-01,-2.96276569e-01,-2.08315849e-01
        Walking,              2,  1546776696080,-7.00938463e-01,-3.90703201e-01,-9.96246338e-02
        Walking,              2,  1546776696181, 1.92082644e-01, 3.20260525e-02,-7.78847218e-01
        Walking,              2,  1546776696282,-3.58261108e-01,-7.41055489e-01, 1.23214722e-03
        Walking,              2,  1546776696382,-5.73836565e-01,-7.82255888e-01, 8.38804245e-02
        Walking,              2,  1546776696482, 5.54609299e-02,-5.10211945e-01, 1.78518295e-01
        Walking,              2,  1546776696583,-2.49615908e-01,-1.28996849e-01,-1.39684677e-02
        Walking,              2,  1546776696684,-1.63180351e-01, 1.52020454e-01,-2.76820183e-01
        Walking,              2,  1546776696784,-5.92801809e-01,-3.47845554e-01, 4.69050407e-01
        Walking,              2,  1546776696885,-1.98854208e-01,-6.74103498e-01,-1.53036118e-01
        Walking,              2,  1546776696986,-3.47286701e-01, 1.27743006e-01, 7.07674026e-02
        Walking,              2,  1546776697086,-8.66767168e-02, 1.22391701e-01,-2.60677338e-02
        Walking,              2,  1546776697187,-1.51092649e-01,-1.70616388e-01,-4.10760880e-01
        Walking,              2,  1546776697288,-1.70071125e-01,-1.38495445e-01,-1.95825577e-01
        Walking,              2,  1546776697388,-3.97095561e-01, 1.35732651e-01,-1.75649643e-01
        Walking,              2,  1546776697489,-7.09372103e-01, 8.02233458e-01,-3.73474121e-01
        Walking,              2,  1546776697591, 1.14364266e-01,-3.34450960e-01,-6.99968338e-02
        Walking,              2,  1546776697692,-3.25768352e-01,-8.90634060e-02,-2.61441231e-01
        Walking,              2,  1546776697792,-1.50084615e-01, 8.22944641e-02,-3.62296104e-01
        Walking,              2,  1546776697894,-1.69732928e-01,-1.74586058e-01,-2.18718529e-01
        Walking,              2,  1546776697994,-1.23016477e-01,-3.95464897e-03,-9.30490494e-02
        Walking,              2,  1546776698095,-1.38067245e-01,-6.02161884e-02, 9.02643204e-02
        Walking,              2,  1546776698197, 3.94201279e-03,-2.81541348e-02,-2.93928146e-01
